{"cameraMode":{"drawMode":0,"name":"Shaded","section":"Shading Mode"},"sceneLighting":false,"audioPlay":false,"sceneViewState":{"showFog":true,"showMaterialUpdate":false,"showSkybox":false,"showFlares":true,"showImageEffects":true,"showParticleSystems":true},"in2DMode":false,"pivot":{"x":0.11766219139099121,"y":-0.012486327439546585,"z":-0.015011847019195557},"rotation":{"x":-0.4539993703365326,"y":0.17743946611881257,"z":-0.09278538078069687,"w":-0.8682112693786621},"size":8.162213325500489,"orthographic":false}