{"cameraMode":{"drawMode":0,"name":"Shaded","section":"Shading Mode"},"sceneLighting":false,"audioPlay":false,"sceneViewState":{"showFog":true,"showMaterialUpdate":false,"showSkybox":false,"showFlares":true,"showImageEffects":true,"showParticleSystems":true},"in2DMode":false,"pivot":{"x":0.02638205885887146,"y":-0.05903103947639465,"z":0.38818293809890749},"rotation":{"x":-0.15388624370098115,"y":-0.7214900851249695,"z":0.16992999613285066,"w":-0.6533719897270203},"size":0.5159465074539185,"orthographic":false}