{"cameraMode":{"drawMode":0,"name":"Shaded","section":"Shading Mode"},"sceneLighting":false,"audioPlay":false,"sceneViewState":{"showFog":true,"showMaterialUpdate":false,"showSkybox":false,"showFlares":true,"showImageEffects":true,"showParticleSystems":true},"in2DMode":false,"pivot":{"x":-0.0019667819142341615,"y":-0.0024077147245407106,"z":-0.0009994953870773316},"rotation":{"x":-0.015936141833662988,"y":-0.9836742281913757,"z":0.13993625342845918,"w":-0.1120220199227333},"size":0.5656911730766296,"orthographic":false}