{"cameraMode":{"drawMode":0,"name":"Shaded","section":"Shading Mode"},"sceneLighting":false,"audioPlay":false,"sceneViewState":{"showFog":true,"showMaterialUpdate":false,"showSkybox":false,"showFlares":true,"showImageEffects":true,"showParticleSystems":true},"in2DMode":false,"pivot":{"x":-0.00021283328533172607,"y":-0.2008276879787445,"z":-0.03346569091081619},"rotation":{"x":0.1795157492160797,"y":0.6729182600975037,"z":-0.17348326742649079,"w":0.6963179707527161},"size":1.2281787395477296,"orthographic":false}