{"cameraMode":{"drawMode":0,"name":"Shaded","section":"Shading Mode"},"sceneLighting":true,"audioPlay":false,"sceneViewState":{"showFog":true,"showMaterialUpdate":false,"showSkybox":false,"showFlares":true,"showImageEffects":true,"showParticleSystems":true},"in2DMode":false,"pivot":{"x":0.004000186920166016,"y":0.5289998054504395,"z":-0.0019998550415039064},"rotation":{"x":-0.4539993703365326,"y":0.17743946611881257,"z":-0.09278538078069687,"w":-0.8682112693786621},"size":0.6563619375228882,"orthographic":false}